{
    "return_stat": {
        "count": 9797100,
        "mean": 216.8872033380552,
        "var": 299141861752.11993
    },
    "run_id": "3vh2ehzm",
    "total_iterations": 65314,
    "total_timesteps": 3368052736
}