{
    "return_stat": {
        "count": 9166350,
        "mean": 70.55881088781815,
        "var": 10182723294.341124
    },
    "run_id": "lhcpjk25",
    "total_iterations": 61109,
    "total_timesteps": 3155044864
}