{
    "return_stat": {
        "count": 46500,
        "mean": 18.856778697785327,
        "var": 82531218.28168112
    },
    "run_id": "3vh2ehzm",
    "total_iterations": 310,
    "total_timesteps": 16027136
}