{
    "return_stat": {
        "count": 10435050,
        "mean": 217.2514254428704,
        "var": 314703342450.82764
    },
    "run_id": "3vh2ehzm",
    "skill_ratings": {
        "1v1": 160.93104553222656
    },
    "total_iterations": 69567,
    "total_timesteps": 3799741696
}