{
    "return_stat": {
        "count": 4042050,
        "mean": 134.44447521613984,
        "var": 59481938148.58766
    },
    "run_id": "3vh2ehzm",
    "total_iterations": 26947,
    "total_timesteps": 1380018688
}