{
    "return_stat": {
        "count": 10410150,
        "mean": 212.19030816152113,
        "var": 317912936499.7024
    },
    "run_id": "3vh2ehzm",
    "skill_ratings": {
        "1v1": 161.31756591796875
    },
    "total_iterations": 69401,
    "total_timesteps": 3781043712
}