{
    "return_stat": {
        "count": 5797950,
        "mean": 240.09774242244944,
        "var": 213727332546.04123
    },
    "run_id": "3vh2ehzm",
    "total_iterations": 38653,
    "total_timesteps": 1990049792
}