{
    "return_stat": {
        "count": 2510250,
        "mean": 116.66919613797778,
        "var": 35427794250.592255
    },
    "run_id": "3vh2ehzm",
    "total_iterations": 16735,
    "total_timesteps": 856027648
}