{
    "return_stat": {
        "count": 10411650,
        "mean": 212.16708736690265,
        "var": 317966327414.96606
    },
    "run_id": "3vh2ehzm",
    "skill_ratings": {
        "1v1": 165.49163818359375
    },
    "total_iterations": 69411,
    "total_timesteps": 3782058752
}