{
    "return_stat": {
        "count": 1453500,
        "mean": 104.43885013091236,
        "var": 18239262747.20039
    },
    "run_id": "3vh2ehzm",
    "total_iterations": 9690,
    "total_timesteps": 496024576
}