{
    "return_stat": {
        "count": 4036200,
        "mean": 134.4167838986239,
        "var": 59397600052.69524
    },
    "run_id": "3vh2ehzm",
    "total_iterations": 26908,
    "total_timesteps": 1378018816
}