{
    "return_stat": {
        "count": 4498350,
        "mean": 137.05860553958559,
        "var": 66476117877.132065
    },
    "run_id": "3vh2ehzm",
    "total_iterations": 29989,
    "total_timesteps": 1536049664
}