{
    "return_stat": {
        "count": 10405800,
        "mean": 212.26258872848786,
        "var": 317750285897.4388
    },
    "run_id": "3vh2ehzm",
    "skill_ratings": {
        "1v1": 150.34864807128906
    },
    "total_iterations": 69372,
    "total_timesteps": 3778108416
}