{
    "return_stat": {
        "count": 9151650,
        "mean": 70.5512478230011,
        "var": 10166784323.116518
    },
    "run_id": "lhcpjk25",
    "total_iterations": 61011,
    "total_timesteps": 3150010368
}