{
    "return_stat": {
        "count": 3075000,
        "mean": 124.0149916047451,
        "var": 44228636556.99069
    },
    "run_id": "3vh2ehzm",
    "total_iterations": 20500,
    "total_timesteps": 1049031168
}