{
    "return_stat": {
        "count": 5800650,
        "mean": 240.18158065152716,
        "var": 213902768800.80917
    },
    "run_id": "3vh2ehzm",
    "total_iterations": 38671,
    "total_timesteps": 1991013888
}