{
    "return_stat": {
        "count": 4495350,
        "mean": 137.04043181024636,
        "var": 66430815272.602104
    },
    "run_id": "3vh2ehzm",
    "total_iterations": 29969,
    "total_timesteps": 1535000576
}