{
    "return_stat": {
        "count": 3080850,
        "mean": 124.10156361068465,
        "var": 44325021833.33613
    },
    "run_id": "3vh2ehzm",
    "total_iterations": 20539,
    "total_timesteps": 1051010048
}