{
    "return_stat": {
        "count": 3605850,
        "mean": 132.11929519777055,
        "var": 53350068435.858536
    },
    "run_id": "3vh2ehzm",
    "total_iterations": 24039,
    "total_timesteps": 1231042048
}