{
    "return_stat": {
        "count": 10432500,
        "mean": 217.24832333183602,
        "var": 314639832698.809
    },
    "run_id": "3vh2ehzm",
    "skill_ratings": {
        "1v1": 162.12350463867188
    },
    "total_iterations": 69550,
    "total_timesteps": 3798009088
}