{
    "return_stat": {
        "count": 52350,
        "mean": 20.677308914147495,
        "var": 96376647.81129462
    },
    "run_id": "3vh2ehzm",
    "total_iterations": 349,
    "total_timesteps": 18004480
}