{
    "return_stat": {
        "count": 4749450,
        "mean": 138.69453958171235,
        "var": 70428279918.81987
    },
    "run_id": "3vh2ehzm",
    "total_iterations": 31663,
    "total_timesteps": 1622045696
}