{
    "return_stat": {
        "count": 3614550,
        "mean": 132.26194717032948,
        "var": 53504095785.40417
    },
    "run_id": "3vh2ehzm",
    "total_iterations": 24097,
    "total_timesteps": 1234004992
}