{
    "return_stat": {
        "count": 2850,
        "mean": 8.614170065665647,
        "var": 4648147.670820872
    },
    "run_id": "3vh2ehzm",
    "total_iterations": 19,
    "total_timesteps": 1047040
}