{
    "return_stat": {
        "count": 10137750,
        "mean": 216.99167293925686,
        "var": 307392014614.45325
    },
    "run_id": "3vh2ehzm",
    "skill_ratings": {
        "1v1": 118.25637817382813
    },
    "total_iterations": 67585,
    "total_timesteps": 3598051584
}