{
    "return_stat": {
        "count": 3620550,
        "mean": 132.35992958401079,
        "var": 53615812589.111015
    },
    "run_id": "3vh2ehzm",
    "total_iterations": 24137,
    "total_timesteps": 1236034560
}