{
    "return_stat": {
        "count": 1444650,
        "mean": 104.39125960433262,
        "var": 18115277029.408287
    },
    "run_id": "3vh2ehzm",
    "total_iterations": 9631,
    "total_timesteps": 493014016
}