{
    "return_stat": {
        "count": 4039200,
        "mean": 134.43321025703793,
        "var": 59440523421.37095
    },
    "run_id": "3vh2ehzm",
    "total_iterations": 26928,
    "total_timesteps": 1379052544
}