{
    "return_stat": {
        "count": 7234950,
        "mean": 227.6136894005203,
        "var": 237601639690.32486
    },
    "run_id": "3vh2ehzm",
    "total_iterations": 48233,
    "total_timesteps": 2486015488
}