{
    "return_stat": {
        "count": 529650,
        "mean": 103.01893285705586,
        "var": 5559415000.076044
    },
    "run_id": "3vh2ehzm",
    "total_iterations": 3531,
    "total_timesteps": 182013952
}