{
    "return_stat": {
        "count": 9793950,
        "mean": 216.8880222785534,
        "var": 299067253388.53564
    },
    "run_id": "3vh2ehzm",
    "total_iterations": 65293,
    "total_timesteps": 3367008256
}