{
    "return_stat": {
        "count": 3623400,
        "mean": 132.4051096598222,
        "var": 53666295783.81537
    },
    "run_id": "3vh2ehzm",
    "total_iterations": 24156,
    "total_timesteps": 1237021184
}