{
    "return_stat": {
        "count": 3617550,
        "mean": 132.3124149628342,
        "var": 53560369828.35666
    },
    "run_id": "3vh2ehzm",
    "total_iterations": 24117,
    "total_timesteps": 1235001344
}