{
    "return_stat": {
        "count": 10143600,
        "mean": 216.99502853107504,
        "var": 307531317652.6784
    },
    "run_id": "3vh2ehzm",
    "skill_ratings": {
        "1v1": 131.2608184814453
    },
    "total_iterations": 67624,
    "total_timesteps": 3602016512
}