{
    "return_stat": {
        "count": 7223400,
        "mean": 227.674120235451,
        "var": 237420045627.70184
    },
    "run_id": "3vh2ehzm",
    "total_iterations": 48156,
    "total_timesteps": 2482041344
}