{
    "return_stat": {
        "count": 2513100,
        "mean": 116.75585204523219,
        "var": 35496831759.867615
    },
    "run_id": "3vh2ehzm",
    "total_iterations": 16754,
    "total_timesteps": 857014272
}