{
    "return_stat": {
        "count": 526800,
        "mean": 102.64922355463749,
        "var": 5490472294.958387
    },
    "run_id": "3vh2ehzm",
    "total_iterations": 3512,
    "total_timesteps": 181032960
}