{
    "return_stat": {
        "count": 4734900,
        "mean": 138.60093059979326,
        "var": 70202968694.18216
    },
    "run_id": "3vh2ehzm",
    "total_iterations": 31566,
    "total_timesteps": 1617056768
}