{
    "return_stat": {
        "count": 4740600,
        "mean": 138.63991199266474,
        "var": 70288768789.13303
    },
    "run_id": "3vh2ehzm",
    "total_iterations": 31604,
    "total_timesteps": 1619018752
}