{
    "return_stat": {
        "count": 49500,
        "mean": 19.836467989220388,
        "var": 90083432.45536318
    },
    "run_id": "3vh2ehzm",
    "total_iterations": 330,
    "total_timesteps": 17040384
}