{
    "return_stat": {
        "count": 7823400,
        "mean": 221.40509595203173,
        "var": 252544578361.29034
    },
    "run_id": "3vh2ehzm",
    "total_iterations": 52156,
    "total_timesteps": 2689037312
}