{
    "return_stat": {
        "count": 9160350,
        "mean": 70.55550548834512,
        "var": 10176192480.77247
    },
    "run_id": "lhcpjk25",
    "total_iterations": 61069,
    "total_timesteps": 3153017856
}