{
    "return_stat": {
        "count": 2495550,
        "mean": 116.29512012504587,
        "var": 35101105712.57586
    },
    "run_id": "3vh2ehzm",
    "total_iterations": 16637,
    "total_timesteps": 851029504
}