{
    "return_stat": {
        "count": 7820550,
        "mean": 221.42491636376008,
        "var": 252475259454.37653
    },
    "run_id": "3vh2ehzm",
    "total_iterations": 52137,
    "total_timesteps": 2688043008
}