{
    "return_stat": {
        "count": 4030200,
        "mean": 134.3836425176039,
        "var": 59309244263.434975
    },
    "run_id": "3vh2ehzm",
    "total_iterations": 26868,
    "total_timesteps": 1376007680
}