{
    "return_stat": {
        "count": 4033350,
        "mean": 134.4001223463849,
        "var": 59355299148.22828
    },
    "run_id": "3vh2ehzm",
    "total_iterations": 26889,
    "total_timesteps": 1377047040
}