{
    "return_stat": {
        "count": 4746450,
        "mean": 138.67762115998022,
        "var": 70381845237.39403
    },
    "run_id": "3vh2ehzm",
    "total_iterations": 31643,
    "total_timesteps": 1621012480
}