{
    "return_stat": {
        "count": 4515900,
        "mean": 137.1713018545587,
        "var": 66753239774.78723
    },
    "run_id": "3vh2ehzm",
    "total_iterations": 30106,
    "total_timesteps": 1542013440
}