{
    "return_stat": {
        "count": 7217550,
        "mean": 227.70603663981012,
        "var": 237322589385.06213
    },
    "run_id": "3vh2ehzm",
    "total_iterations": 48117,
    "total_timesteps": 2480045056
}