{
    "return_stat": {
        "count": 523950,
        "mean": 102.25033802849866,
        "var": 5416805171.889372
    },
    "run_id": "3vh2ehzm",
    "total_iterations": 3493,
    "total_timesteps": 180048384
}