{
    "return_stat": {
        "count": 40650,
        "mean": 17.155637543108025,
        "var": 71054930.09774359
    },
    "run_id": "3vh2ehzm",
    "total_iterations": 271,
    "total_timesteps": 14047232
}