{
    "return_stat": {
        "count": 4731900,
        "mean": 138.57894716669196,
        "var": 70152825955.07153
    },
    "run_id": "3vh2ehzm",
    "total_iterations": 31546,
    "total_timesteps": 1616059904
}