{
    "return_stat": {
        "count": 7232100,
        "mean": 227.62819920022935,
        "var": 237559373204.15295
    },
    "run_id": "3vh2ehzm",
    "total_iterations": 48214,
    "total_timesteps": 2485026304
}