{
    "return_stat": {
        "count": 517950,
        "mean": 101.41887194162926,
        "var": 5265476819.59971
    },
    "run_id": "3vh2ehzm",
    "total_iterations": 3453,
    "total_timesteps": 178027008
}