{
    "return_stat": {
        "count": 3083850,
        "mean": 124.14326194459083,
        "var": 44372249338.35443
    },
    "run_id": "3vh2ehzm",
    "total_iterations": 20559,
    "total_timesteps": 1052035584
}