{
    "return_stat": {
        "count": 4885050,
        "mean": 141.25409051938405,
        "var": 73499752972.55922
    },
    "run_id": "3vh2ehzm",
    "total_iterations": 32567,
    "total_timesteps": 1669050880
}