{
    "return_stat": {
        "count": 4501350,
        "mean": 137.08020069638278,
        "var": 66522393071.60187
    },
    "run_id": "3vh2ehzm",
    "total_iterations": 30009,
    "total_timesteps": 1537051648
}