{
    "return_stat": {
        "count": 58350,
        "mean": 22.330515493363425,
        "var": 110745079.88061044
    },
    "run_id": "3vh2ehzm",
    "total_iterations": 389,
    "total_timesteps": 20041728
}