{
    "return_stat": {
        "count": 1462350,
        "mean": 104.46434436399039,
        "var": 18364318737.23987
    },
    "run_id": "3vh2ehzm",
    "total_iterations": 9749,
    "total_timesteps": 499002880
}