{
    "return_stat": {
        "count": 9145950,
        "mean": 70.54828188680206,
        "var": 10160719817.624023
    },
    "run_id": "lhcpjk25",
    "total_iterations": 60973,
    "total_timesteps": 3148044288
}