{
    "return_stat": {
        "count": 4728900,
        "mean": 138.55775945545858,
        "var": 70106018614.67152
    },
    "run_id": "3vh2ehzm",
    "total_iterations": 31526,
    "total_timesteps": 1615024128
}