{
    "return_stat": {
        "count": 4027500,
        "mean": 134.3716995244828,
        "var": 59268773042.52098
    },
    "run_id": "3vh2ehzm",
    "total_iterations": 26850,
    "total_timesteps": 1375045120
}