{
    "return_stat": {
        "count": 10426650,
        "mean": 217.24164315535114,
        "var": 314494036076.7788
    },
    "run_id": "3vh2ehzm",
    "skill_ratings": {
        "1v1": 164.37347412109375
    },
    "total_iterations": 69511,
    "total_timesteps": 3794075392
}