{
    "return_stat": {
        "count": 1456500,
        "mean": 104.44813899762063,
        "var": 18281340574.12259
    },
    "run_id": "3vh2ehzm",
    "total_iterations": 9710,
    "total_timesteps": 497023488
}