{
    "return_stat": {
        "count": 9779550,
        "mean": 216.8875351743079,
        "var": 298709316464.54614
    },
    "run_id": "3vh2ehzm",
    "total_iterations": 65197,
    "total_timesteps": 3362009600
}