{
    "return_stat": {
        "count": 43500,
        "mean": 17.98018456064073,
        "var": 76727619.07862456
    },
    "run_id": "3vh2ehzm",
    "total_iterations": 290,
    "total_timesteps": 15019520
}